name_gpu,num_gpu,watt,price,ssd,bert_base_squad,bert_large_squad,gnmt,maskrcnn,resnet50,tacotron2,transformerxlbase,transformerxllarge,waveglow,year,metric,precision
V100 32GB,1.0,250.0,11357.0,224.0,148.0,49.0,81625.0,14.0,828.0,27249.0,10348.0,4372.0,100553.0,2022,throughput,16
Quadro RTX 8000,1.0,260.0,6900.0,180.0,124.0,41.0,77458.0,11.0,646.0,31664.0,9290.0,4109.0,92695.0,2022,throughput,16
Quadro RTX 6000,1.0,260.0,4964.0,179.0,121.0,39.0,71300.0,12.0,645.0,25203.0,8605.0,3481.0,78139.0,2022,throughput,16
Quadro RTX 5000,1.0,230.0,2392.0,126.0,86.0,25.0,37135.0,9.0,439.0,15410.0,6085.0,979.0,51401.0,2022,throughput,16
Titan RTX,1.0,280.0,3500.0,181.0,123.0,40.0,70149.0,12.0,644.0,22208.0,8877.0,3579.0,81980.0,2022,throughput,16
RTX 2080Ti,1.0,250.0,1928.0,139.0,88.0,23.0,41770.0,9.0,526.0,12321.0,5699.0,0.0,45183.0,2022,throughput,16
GTX 1080Ti,1.0,250.0,892.0,65.0,35.0,10.0,15369.0,6.0,230.0,7938.0,3412.0,0.0,25184.0,2022,throughput,16
RTX 2080 SUPER MAX-Q,1.0,80.0,1377.0,77.0,48.0,0.0,18226.0,6.0,297.0,8294.0,0.0,0.0,0.0,2022,throughput,16
RTX 2080 MAX-Q,1.0,90.0,1032.0,76.0,45.0,0.0,17907.0,6.0,290.0,7656.0,0.0,0.0,0.0,2022,throughput,16
RTX 2070 MAX-Q,1.0,90.0,975.0,69.0,42.0,0.0,16337.0,5.0,262.0,7341.0,0.0,0.0,0.0,2022,throughput,16
RTX 3070,1.0,220.0,1035.0,111.0,80.0,14.0,28084.0,8.0,419.0,6283.0,4245.0,0.0,0.0,2022,throughput,16
RTX 3080,1.0,320.0,1642.0,174.0,123.0,29.0,50559.0,13.0,650.0,14005.0,10020.0,0.0,68121.0,2022,throughput,16
RTX 3090,1.0,350.0,3142.0,214.0,160.0,47.0,80051.0,15.0,801.0,19449.0,21062.0,7582.0,78023.0,2022,throughput,16
A100 40GB PCIe,1.0,250.0,12785.0,365.0,289.0,91.0,171503.0,22.0,1120.0,30032.0,31286.0,14566.0,158416.0,2022,throughput,16
A100 80GB PCIe,1.0,300.0,15143.0,402.0,354.0,116.0,214923.0,25.0,1327.0,55531.0,37267.0,17572.0,225135.0,2022,throughput,16
A100 40GB SXM4,1.0,400.0,14571.0,404.0,335.0,107.0,194557.0,23.0,1211.0,28648.0,33952.0,16246.0,169193.0,2022,throughput,16
A100 80GB SXM4,1.0,400.0,18571.0,420.0,374.0,123.0,230223.0,26.0,1386.0,51481.0,38320.0,18289.0,215124.0,2022,throughput,16
RTX A6000,1.0,300.0,5785.0,230.0,202.0,63.0,103830.0,15.0,775.0,23068.0,25231.0,11140.0,96724.0,2022,throughput,16
RTX A5000,1.0,230.0,2857.0,199.0,147.0,45.0,81294.0,15.0,703.0,19606.0,18810.0,6987.0,51423.0,2022,throughput,16
Lambda Cloud — RTX A6000,1.0,300.0,5785.0,231.0,198.0,61.0,104766.0,14.0,781.0,22639.0,25141.0,11257.0,97434.0,2022,throughput,16
RTX 3080 Max-Q,1.0,80.0,1600.0,90.0,67.0,20.0,32529.0,7.0,351.0,9254.0,8698.0,1138.0,13273.0,2022,throughput,16
RTX A40,1.0,300.0,6464.0,176.0,179.0,57.0,99539.0,14.0,653.0,24489.0,21848.0,9691.0,60997.0,2022,throughput,16
RTX A4000,1.0,140.0,1321.0,125.0,102.0,29.0,47277.0,9.0,452.0,10655.0,11431.0,3333.0,3029.0,2022,throughput,16
RTX A4500,1.0,200.0,1928.0,168.0,132.0,38.0,61317.0,13.0,607.0,13056.0,14618.0,4540.0,69872.0,2022,throughput,16
RTX A5500,1.0,230.0,4500.0,213.0,177.0,52.0,90718.0,15.0,735.0,19815.0,20472.0,7490.0,90673.0,2022,throughput,16
2x RTX 2080Ti NVLink,2.0,500.0,3856.0,251.0,142.0,6.0,59398.0,16.0,836.0,25361.0,10784.0,0.0,65106.0,2022,throughput,16
2x RTX 2080Ti,2.0,500.0,3856.0,251.0,141.0,6.0,59568.0,16.0,953.0,24985.0,10843.0,0.0,66558.0,2022,throughput,16
4x RTX 2080Ti NVLink,4.0,1000.0,7712.0,509.0,262.0,6.0,120134.0,33.0,1623.0,38829.0,21715.0,0.0,131998.0,2022,throughput,16
4x RTX 2080Ti,4.0,1000.0,7712.0,509.0,250.0,6.0,115915.0,31.0,1905.0,37334.0,21022.0,0.0,122478.0,2022,throughput,16
8x RTX 2080Ti NVLink,8.0,2000.0,15424.0,1027.0,398.0,6.0,234089.0,63.0,3810.0,38079.0,41981.0,0.0,249419.0,2022,throughput,16
8x RTX 2080Ti,8.0,2000.0,15424.0,1025.0,370.0,6.0,223308.0,62.0,3417.0,39251.0,42802.0,0.0,228528.0,2022,throughput,16
2x RTX Quadro 8000 NVLink,2.0,520.0,13800.0,355.0,228.0,74.0,147566.0,20.0,1274.0,67019.0,18334.0,8085.0,141257.0,2022,throughput,16
2x RTX Quadro 8000,2.0,520.0,13800.0,355.0,247.0,75.0,147399.0,21.0,1274.0,66448.0,18262.0,8056.0,178882.0,2022,throughput,16
4x RTX Quadro 8000 NVLink,4.0,1040.0,27600.0,663.0,385.0,133.0,284079.0,38.0,2522.0,114493.0,36017.0,15986.0,271049.0,2022,throughput,16
4x RTX Quadro 8000,4.0,1040.0,27600.0,700.0,436.0,139.0,282860.0,39.0,2522.0,108744.0,36549.0,16080.0,355544.0,2022,throughput,16
8x RTX Quadro 8000 NVLink,8.0,2080.0,55200.0,1206.0,525.0,183.0,554690.0,69.0,5042.0,219811.0,72769.0,32077.0,503908.0,2022,throughput,16
8x RTX Quadro 8000,8.0,2080.0,55200.0,1386.0,657.0,198.0,559623.0,73.0,5045.0,213522.0,73418.0,32304.0,709700.0,2022,throughput,16
2x V100 32GB,2.0,500.0,22714.0,440.0,291.0,89.0,156034.0,26.0,1656.0,54073.0,20555.0,8670.0,190619.0,2022,throughput,16
4x V100 32GB,4.0,1000.0,45428.0,858.0,533.0,178.0,312281.0,51.0,3293.0,99733.0,40414.0,17086.0,369362.0,2022,throughput,16
8x V100 32GB,8.0,2000.0,90856.0,1558.0,985.0,334.0,609054.0,92.0,6569.0,195941.0,80030.0,33928.0,703507.0,2022,throughput,16
p3.16xlarge,8.0,2400.0,85312.0,1687.0,1000.0,275.0,405186.0,102.0,6557.0,89856.0,63759.0,18216.0,522041.0,2022,throughput,16
p3.8xlarge,4.0,1200.0,42656.0,890.0,578.0,148.0,208731.0,52.0,3293.0,52275.0,32697.0,9244.0,285891.0,2022,throughput,16
Lambda Cloud — 8x V100 16GB,8.0,2400.0,85312.0,1331.0,952.0,233.0,406589.0,99.0,6861.0,115818.0,65746.0,19387.0,508129.0,2022,throughput,16
Lambda Cloud — 4x GTX 1080Ti,4.0,1000.0,3568.0,252.0,106.0,20.0,43369.0,19.0,881.0,29034.0,12723.0,0.0,72658.0,2022,throughput,16
Lambda Cloud — 2x Quadro RTX 6000,2.0,520.0,9928.0,349.0,187.0,50.0,101253.0,20.0,868.0,42477.0,17637.0,7136.0,133765.0,2022,throughput,16
Lambda Cloud — 4x Quadro RTX 6000,4.0,1040.0,19856.0,687.0,310.0,82.0,192344.0,38.0,1957.0,85643.0,34745.0,14040.0,264050.0,2022,throughput,16
Linode Cloud — 2x Quadro RTX 6000,2.0,520.0,9928.0,344.0,199.0,66.0,126325.0,20.0,864.0,39493.0,17038.0,6894.0,133040.0,2022,throughput,16
2x RTX 3070,2.0,440.0,2070.0,214.0,137.0,5.0,38965.0,13.0,808.0,12307.0,8440.0,0.0,0.0,2022,throughput,16
4x RTX 3070,4.0,880.0,4140.0,424.0,269.0,8.0,78079.0,25.0,1620.0,24358.0,16862.0,0.0,0.0,2022,throughput,16
8x RTX 3070,8.0,1760.0,8280.0,791.0,425.0,7.0,84291.0,36.0,3117.0,45622.0,33828.0,0.0,0.0,2022,throughput,16
2x RTX 3080,2.0,640.0,3284.0,344.0,224.0,40.0,75752.0,23.0,1265.0,27444.0,19887.0,0.0,105516.0,2022,throughput,16
2x RTX 3090,2.0,700.0,6284.0,418.0,293.0,76.0,135393.0,28.0,1561.0,38285.0,41418.0,14968.0,137224.0,2022,throughput,16
3x RTX 3090,3.0,1050.0,9426.0,616.0,439.0,116.0,201304.0,42.0,2302.0,60939.0,61417.0,22005.0,213176.0,2022,throughput,16
4x RTX 3090,4.0,1400.0,12568.0,825.0,547.0,67.0,156070.0,45.0,3076.0,69921.0,83493.0,30170.0,174049.0,2022,throughput,16
8x RTX 3090,8.0,2800.0,25136.0,1554.0,1402.0,68.0,174528.0,74.0,5907.0,129527.0,165359.0,59976.0,201274.0,2022,throughput,16
2x A100 40GB PCIe,2.0,500.0,25570.0,729.0,566.0,176.0,337584.0,41.0,2228.0,60880.0,62493.0,29150.0,311093.0,2022,throughput,16
4x A100 40GB PCIe,4.0,1000.0,51140.0,1451.0,1099.0,333.0,654709.0,75.0,4285.0,121237.0,124984.0,58418.0,606951.0,2022,throughput,16
8x A100 40GB PCIe,8.0,2000.0,102280.0,2891.0,2153.0,646.0,1239601.0,126.0,8344.0,228398.0,251300.0,116737.0,1164764.0,2022,throughput,16
2x A100 80GB PCIe,2.0,600.0,30286.0,795.0,700.0,227.0,421189.0,46.0,2633.0,108991.0,74130.0,35039.0,442903.0,2022,throughput,16
2x A100 40GB SXM4,2.0,800.0,29142.0,804.0,644.0,204.0,378391.0,41.0,2407.0,58984.0,67368.0,32267.0,324874.0,2022,throughput,16
4x A100 40GB SXM4,4.0,1600.0,58284.0,1596.0,1272.0,396.0,759543.0,74.0,4554.0,120160.0,135048.0,64339.0,636793.0,2022,throughput,16
8x A100 40GB SXM4,8.0,3200.0,116568.0,3148.0,2589.0,750.0,1475660.0,136.0,8938.0,227905.0,266240.0,128045.0,1214329.0,2022,throughput,16
2x A100 80GB SXM4,2.0,800.0,37142.0,827.0,737.0,234.0,455737.0,48.0,2758.0,112367.0,76699.0,36571.0,412297.0,2022,throughput,16
4x A100 80GB SXM4,4.0,1600.0,74284.0,1646.0,1457.0,462.0,891476.0,91.0,5394.0,69770.0,152494.0,73276.0,852068.0,2022,throughput,16
8x A100 80GB SXM4,8.0,3200.0,148568.0,3282.0,2957.0,926.0,1835408.0,157.0,10776.0,388001.0,307116.0,146307.0,1812349.0,2022,throughput,16
p4d.24xlarge,8.0,3200.0,116568.0,3129.0,2616.0,755.0,1479962.0,136.0,9476.0,187374.0,265662.0,129164.0,1209590.0,2022,throughput,16
2x RTX A6000,2.0,600.0,11570.0,456.0,399.0,123.0,204847.0,28.0,1540.0,46079.0,50286.0,22226.0,190875.0,2022,throughput,16
4x RTX A6000,4.0,1200.0,23140.0,909.0,782.0,237.0,406987.0,53.0,3056.0,91170.0,99423.0,43799.0,376108.0,2022,throughput,16
8x RTX A6000,8.0,2400.0,46280.0,1804.0,1590.0,463.0,808167.0,100.0,6067.0,178340.0,198199.0,87529.0,748430.0,2022,throughput,16
Lambda Cloud — 2x RTX A6000,2.0,600.0,11570.0,447.0,382.0,120.0,205932.0,25.0,1544.0,44060.0,50251.0,22378.0,193282.0,2022,throughput,16
Lambda Cloud — 4x RTX A6000,4.0,1200.0,23140.0,794.0,684.0,183.0,329896.0,44.0,3065.0,84252.0,99160.0,44735.0,338168.0,2022,throughput,16
4x RTX A5000,4.0,920.0,11428.0,789.0,706.0,169.0,302679.0,55.0,2770.0,71460.0,74391.0,27745.0,177511.0,2022,throughput,16
2x RTX A5000,2.0,460.0,5714.0,397.0,283.0,84.0,155645.0,29.0,1394.0,34691.0,37384.0,13931.0,96729.0,2022,throughput,16
2x RTX A40,2.0,600.0,12928.0,350.0,350.0,110.0,195094.0,27.0,1295.0,46730.0,44334.0,19395.0,121915.0,2022,throughput,16
4x RTX A40,4.0,1200.0,25856.0,699.0,698.0,215.0,381291.0,51.0,2583.0,89067.0,86734.0,38629.0,217579.0,2022,throughput,16
8x RTX A40,8.0,2400.0,51712.0,1397.0,1344.0,402.0,715834.0,90.0,5157.0,173504.0,173771.0,77369.0,733181.0,2022,throughput,16
2x RTX A4000,2.0,280.0,2642.0,248.0,197.0,50.0,89049.0,18.0,892.0,20867.0,22742.0,6658.0,5730.0,2022,throughput,16
4x RTX A4000,4.0,560.0,5284.0,490.0,390.0,98.0,172289.0,35.0,1777.0,40658.0,44971.0,13260.0,10176.0,2022,throughput,16
8x RTX A4000,8.0,1120.0,10568.0,984.0,765.0,324.0,323667.0,65.0,3523.0,80338.0,89579.0,26425.0,19244.0,2022,throughput,16
16x RTX A4000,16.0,2240.0,21136.0,1958.0,1381.0,1093.0,614037.0,130.0,6886.0,118346.0,178188.0,52543.0,47115.0,2022,throughput,16
2x RTX A4500,2.0,400.0,3856.0,334.0,255.0,66.0,111746.0,24.0,1195.0,25760.0,29192.0,9053.0,132750.0,2022,throughput,16
4x RTX A4500,4.0,800.0,7712.0,670.0,504.0,127.0,218320.0,48.0,2376.0,51248.0,58324.0,18083.0,267809.0,2022,throughput,16
8x RTX A4500,8.0,1600.0,15424.0,1348.0,969.0,408.0,412022.0,88.0,4733.0,100119.0,117656.0,36436.0,456470.0,2022,throughput,16
2x RTX A5500,2.0,460.0,9000.0,424.0,342.0,98.0,168002.0,30.0,1453.0,38880.0,40865.0,14921.0,171268.0,2022,throughput,16
4x RTX A5500,4.0,920.0,18000.0,844.0,806.0,190.0,328774.0,57.0,2877.0,79218.0,80710.0,29616.0,339465.0,2022,throughput,16
8x RTX A5500,8.0,1840.0,36000.0,1691.0,3168.0,356.0,633590.0,106.0,5754.0,155699.0,161633.0,59341.0,662079.0,2022,throughput,16
V100 32GB,1.0,250.0,11357.0,136.0,42.0,12.0,22743.0,10.0,368.0,17604.0,6518.0,2329.0,48458.0,2022,throughput,32
Quadro RTX 8000,1.0,260.0,6900.0,116.0,38.0,11.0,21808.0,10.0,300.0,10016.0,6124.0,2158.0,45876.0,2022,throughput,32
Quadro RTX 6000,1.0,260.0,4964.0,118.0,38.0,10.0,21014.0,10.0,301.0,8954.0,5684.0,1816.0,38687.0,2022,throughput,32
Quadro RTX 5000,1.0,230.0,2392.0,83.0,26.0,6.0,14320.0,7.0,213.0,6841.0,3188.0,1034.0,25736.0,2022,throughput,32
Titan RTX,1.0,280.0,3500.0,119.0,39.0,11.0,21329.0,10.0,306.0,8732.0,5801.0,1878.0,40381.0,2022,throughput,32
RTX 2080Ti,1.0,250.0,1928.0,106.0,30.0,6.0,15983.0,8.0,275.0,8669.0,4109.0,0.0,26236.0,2022,throughput,32
GTX 1080Ti,1.0,250.0,892.0,70.0,28.0,5.0,11948.0,7.0,196.0,5828.0,2774.0,0.0,19581.0,2022,throughput,32
RTX 2080 SUPER MAX-Q,1.0,80.0,1377.0,56.0,15.0,0.0,7413.0,5.0,149.0,5105.0,1770.0,0.0,0.0,2022,throughput,32
RTX 2080 MAX-Q,1.0,90.0,1032.0,54.0,15.0,0.0,7194.0,4.0,146.0,4944.0,1584.0,0.0,0.0,2022,throughput,32
RTX 2070 MAX-Q,1.0,90.0,975.0,49.0,14.0,0.0,6678.0,4.0,135.0,5003.0,1559.0,0.0,0.0,2022,throughput,32
RTX 3070,1.0,220.0,1035.0,71.0,29.0,3.0,12668.0,7.0,246.0,3789.0,2147.0,0.0,0.0,2022,throughput,32
RTX 3080,1.0,320.0,1642.0,111.0,47.0,8.0,26904.0,11.0,384.0,7251.0,5007.0,0.0,29891.0,2022,throughput,32
RTX 3090,1.0,350.0,3142.0,137.0,72.0,17.0,43323.0,14.0,471.0,19728.0,11772.0,4062.0,70841.0,2022,throughput,32
A100 40GB PCIe,1.0,250.0,12785.0,230.0,142.0,37.0,92575.0,23.0,744.0,29822.0,21311.0,9687.0,138951.0,2022,throughput,32
A100 80GB PCIe,1.0,300.0,15143.0,259.0,197.0,53.0,115275.0,25.0,878.0,54269.0,26458.0,12020.0,211392.0,2022,throughput,32
A100 40GB SXM4,1.0,400.0,14571.0,251.0,154.0,40.0,105406.0,25.0,798.0,29795.0,23158.0,10795.0,144956.0,2022,throughput,32
A100 80GB SXM4,1.0,400.0,18571.0,272.0,207.0,60.0,124186.0,29.0,925.0,57115.0,28082.0,12847.0,147096.0,2022,throughput,32
RTX A6000,1.0,300.0,5785.0,135.0,94.0,25.0,57971.0,12.0,437.0,24085.0,13880.0,6114.0,93918.0,2022,throughput,32
RTX A5000,1.0,230.0,2857.0,116.0,70.0,14.0,27205.0,13.0,405.0,20459.0,8172.0,3452.0,35112.0,2022,throughput,32
Lambda Cloud — RTX A6000,1.0,300.0,5785.0,134.0,86.0,23.0,58749.0,12.0,441.0,23325.0,13858.0,6169.0,94961.0,2022,throughput,32
RTX 3080 Max-Q,1.0,80.0,1600.0,55.0,33.0,7.0,13129.0,6.0,193.0,9486.0,4653.0,967.0,34086.0,2022,throughput,32
RTX A40,1.0,300.0,6464.0,110.0,62.0,20.0,36858.0,13.0,390.0,22863.0,9638.0,3536.0,66806.0,2022,throughput,32
RTX A4000,1.0,140.0,1321.0,75.0,46.0,9.0,16291.0,8.0,255.0,11029.0,6253.0,1790.0,24262.0,2022,throughput,32
RTX A4500,1.0,200.0,1928.0,99.0,57.0,12.0,33405.0,11.0,342.0,13713.0,8679.0,2471.0,59005.0,2022,throughput,32
RTX A5500,1.0,230.0,4500.0,123.0,76.0,19.0,47266.0,14.0,421.0,20136.0,11577.0,4084.0,82126.0,2022,throughput,32
2x RTX 2080Ti NVLink,2.0,500.0,3856.0,196.0,48.0,6.0,22843.0,15.0,498.0,16368.0,7790.0,0.0,36477.0,2022,throughput,32
2x RTX 2080Ti,2.0,500.0,3856.0,196.0,49.0,6.0,22863.0,15.0,497.0,16355.0,7803.0,0.0,36555.0,2022,throughput,32
4x RTX 2080Ti NVLink,4.0,1000.0,7712.0,399.0,97.0,12.0,45391.0,30.0,1005.0,31810.0,15503.0,0.0,72595.0,2022,throughput,32
4x RTX 2080Ti,4.0,1000.0,7712.0,393.0,89.0,11.0,42595.0,29.0,996.0,31517.0,15514.0,0.0,67466.0,2022,throughput,32
8x RTX 2080Ti NVLink,8.0,2000.0,15424.0,812.0,169.0,21.0,90385.0,58.0,2018.0,58457.0,30762.0,0.0,138428.0,2022,throughput,32
8x RTX 2080Ti,8.0,2000.0,15424.0,803.0,160.0,19.0,83277.0,57.0,2000.0,57294.0,30906.0,0.0,123733.0,2022,throughput,32
2x RTX Quadro 8000 NVLink,2.0,520.0,13800.0,229.0,70.0,21.0,41410.0,20.0,591.0,18636.0,12059.0,4269.0,69569.0,2022,throughput,32
2x RTX Quadro 8000,2.0,520.0,13800.0,229.0,73.0,21.0,41364.0,20.0,589.0,18532.0,12043.0,4267.0,88716.0,2022,throughput,32
4x RTX Quadro 8000 NVLink,4.0,1040.0,27600.0,456.0,141.0,39.0,80928.0,38.0,1167.0,36779.0,23900.0,8452.0,133290.0,2022,throughput,32
4x RTX Quadro 8000,4.0,1040.0,27600.0,456.0,152.0,40.0,80846.0,37.0,1175.0,36746.0,24044.0,8499.0,175633.0,2022,throughput,32
8x RTX Quadro 8000 NVLink,8.0,2080.0,55200.0,855.0,208.0,59.0,158607.0,68.0,2337.0,71832.0,47939.0,16919.0,263976.0,2022,throughput,32
8x RTX Quadro 8000,8.0,2080.0,55200.0,917.0,254.0,66.0,159861.0,65.0,2351.0,74013.0,48241.0,17038.0,350299.0,2022,throughput,32
2x V100 32GB,2.0,500.0,22714.0,271.0,81.0,23.0,43797.0,19.0,726.0,33063.0,12912.0,4605.0,92699.0,2022,throughput,32
4x V100 32GB,4.0,1000.0,45428.0,535.0,156.0,46.0,86930.0,38.0,1441.0,62875.0,25417.0,9113.0,175882.0,2022,throughput,32
8x V100 32GB,8.0,2000.0,90856.0,1043.0,304.0,88.0,171783.0,74.0,2862.0,129549.0,50356.0,18105.0,277702.0,2022,throughput,32
p3.16xlarge,8.0,2400.0,85312.0,1071.0,277.0,66.0,158037.0,75.0,2862.0,59077.0,42780.0,13084.0,247673.0,2022,throughput,32
p3.8xlarge,4.0,1200.0,42656.0,544.0,145.0,34.0,80563.0,40.0,1441.0,33843.0,21546.0,6656.0,139022.0,2022,throughput,32
Lambda Cloud — 8x V100 16GB,8.0,2400.0,85312.0,1015.0,259.0,65.0,158279.0,73.0,2882.0,68251.0,42902.0,13294.0,231825.0,2022,throughput,32
Lambda Cloud — 4x GTX 1080Ti,4.0,1000.0,3568.0,277.0,62.0,6.0,25878.0,21.0,672.0,21383.0,10578.0,0.0,43442.0,2022,throughput,32
Lambda Cloud — 2x Quadro RTX 6000,2.0,520.0,9928.0,234.0,62.0,13.0,31602.0,18.0,588.0,16451.0,11551.0,3647.0,69086.0,2022,throughput,32
Lambda Cloud — 4x Quadro RTX 6000,4.0,1040.0,19856.0,472.0,117.0,25.0,61747.0,35.0,1171.0,32787.0,22809.0,7260.0,136754.0,2022,throughput,32
Linode Cloud — 2x Quadro RTX 6000,2.0,520.0,9928.0,233.0,68.0,17.0,38180.0,18.0,581.0,15419.0,11247.0,3601.0,66785.0,2022,throughput,32
2x RTX 3070,2.0,440.0,2070.0,134.0,46.0,3.0,13928.0,13.0,460.0,7468.0,4265.0,0.0,0.0,2022,throughput,32
4x RTX 3070,4.0,880.0,4140.0,267.0,91.0,5.0,25854.0,24.0,914.0,14377.0,8262.0,0.0,0.0,2022,throughput,32
8x RTX 3070,8.0,1760.0,8280.0,460.0,110.0,4.0,21406.0,36.0,1602.0,27594.0,16950.0,0.0,0.0,2022,throughput,32
2x RTX 3080,2.0,640.0,3284.0,213.0,78.0,7.0,35709.0,21.0,735.0,16813.0,9987.0,0.0,44701.0,2022,throughput,32
2x RTX 3090,2.0,700.0,6284.0,265.0,126.0,25.0,66714.0,26.0,922.0,38134.0,23227.0,8033.0,122095.0,2022,throughput,32
3x RTX 3090,3.0,1050.0,9426.0,390.0,189.0,38.0,97857.0,39.0,1350.0,60887.0,34553.0,11980.0,199782.0,2022,throughput,32
4x RTX 3090,4.0,1400.0,12568.0,499.0,142.0,16.0,56262.0,43.0,1839.0,69486.0,46536.0,16046.0,128004.0,2022,throughput,32
8x RTX 3090,8.0,2800.0,25136.0,888.0,180.0,16.0,57848.0,68.0,3654.0,110936.0,92420.0,32181.0,149340.0,2022,throughput,32
2x A100 40GB PCIe,2.0,500.0,25570.0,458.0,278.0,71.0,180511.0,45.0,1484.0,60666.0,42715.0,19428.0,268519.0,2022,throughput,32
4x A100 40GB PCIe,4.0,1000.0,51140.0,915.0,533.0,133.0,338788.0,87.0,2856.0,122504.0,85054.0,38989.0,517667.0,2022,throughput,32
8x A100 40GB PCIe,8.0,2000.0,102280.0,1825.0,1025.0,248.0,646381.0,159.0,5643.0,238277.0,170197.0,77915.0,986515.0,2022,throughput,32
2x A100 80GB PCIe,2.0,600.0,30286.0,516.0,386.0,110.0,225581.0,52.0,1748.0,103520.0,52356.0,23867.0,411661.0,2022,throughput,32
2x A100 40GB SXM4,2.0,800.0,29142.0,498.0,302.0,77.0,204767.0,46.0,1588.0,60927.0,45884.0,21626.0,278553.0,2022,throughput,32
4x A100 40GB SXM4,4.0,1600.0,58284.0,992.0,594.0,150.0,405743.0,92.0,3027.0,120072.0,91172.0,43152.0,536843.0,2022,throughput,32
8x A100 40GB SXM4,8.0,3200.0,116568.0,1960.0,1150.0,291.0,809917.0,168.0,5966.0,242109.0,180215.0,85065.0,1006908.0,2022,throughput,32
2x A100 80GB SXM4,2.0,800.0,37142.0,542.0,399.0,115.0,240597.0,52.0,1839.0,93074.0,56070.0,25542.0,284751.0,2022,throughput,32
4x A100 80GB SXM4,4.0,1600.0,74284.0,1071.0,792.0,228.0,474335.0,100.0,3592.0,79891.0,112203.0,51217.0,577680.0,2022,throughput,32
8x A100 80GB SXM4,8.0,3200.0,148568.0,2147.0,1597.0,477.0,978420.0,187.0,7145.0,247663.0,223846.0,101088.0,1684191.0,2022,throughput,32
p4d.24xlarge,8.0,3200.0,116568.0,1975.0,1100.0,278.0,800172.0,161.0,6197.0,178252.0,178244.0,86678.0,1001275.0,2022,throughput,32
2x RTX A6000,2.0,600.0,11570.0,268.0,184.0,49.0,112241.0,24.0,870.0,46882.0,27691.0,12186.0,184704.0,2022,throughput,32
4x RTX A6000,4.0,1200.0,23140.0,530.0,361.0,93.0,214563.0,48.0,1725.0,88397.0,54889.0,24652.0,361094.0,2022,throughput,32
8x RTX A6000,8.0,2400.0,46280.0,1057.0,701.0,178.0,410639.0,93.0,3434.0,178563.0,109421.0,49149.0,721225.0,2022,throughput,32
Lambda Cloud — 2x RTX A6000,2.0,600.0,11570.0,253.0,170.0,44.0,112499.0,22.0,876.0,43355.0,27743.0,12319.0,186099.0,2022,throughput,32
Lambda Cloud — 4x RTX A6000,4.0,1200.0,23140.0,441.0,280.0,56.0,153067.0,42.0,1703.0,56079.0,55055.0,24685.0,318018.0,2022,throughput,32
4x RTX A5000,4.0,920.0,11428.0,463.0,281.0,51.0,99794.0,49.0,1600.0,72417.0,32381.0,13672.0,127349.0,2022,throughput,32
2x RTX A5000,2.0,460.0,5714.0,231.0,142.0,26.0,51333.0,25.0,804.0,35390.0,16308.0,6865.0,66907.0,2022,throughput,32
2x RTX A40,2.0,600.0,12928.0,220.0,120.0,38.0,72169.0,25.0,776.0,43351.0,19245.0,7066.0,141801.0,2022,throughput,32
4x RTX A40,4.0,1200.0,25856.0,439.0,240.0,73.0,141127.0,48.0,1546.0,77361.0,38272.0,14096.0,262405.0,2022,throughput,32
8x RTX A40,8.0,2400.0,51712.0,876.0,461.0,140.0,272286.0,91.0,3086.0,140548.0,76977.0,28249.0,733283.0,2022,throughput,32
2x RTX A4000,2.0,280.0,2642.0,149.0,86.0,16.0,30115.0,16.0,504.0,18469.0,12429.0,3562.0,47057.0,2022,throughput,32
4x RTX A4000,4.0,560.0,5284.0,296.0,166.0,30.0,57215.0,31.0,1001.0,32162.0,24404.0,4725.0,90230.0,2022,throughput,32
8x RTX A4000,8.0,1120.0,10568.0,588.0,293.0,54.0,108923.0,59.0,1981.0,64695.0,48680.0,14146.0,165046.0,2022,throughput,32
16x RTX A4000,16.0,2240.0,21136.0,1172.0,522.0,89.0,198982.0,125.0,3910.0,72591.0,96793.0,28039.0,473781.0,2022,throughput,32
2x RTX A4500,2.0,400.0,3856.0,197.0,106.0,19.0,57078.0,22.0,673.0,27066.0,17186.0,4893.0,109126.0,2022,throughput,32
4x RTX A4500,4.0,800.0,7712.0,393.0,206.0,37.0,108391.0,43.0,1335.0,52420.0,34321.0,6473.0,215790.0,2022,throughput,32
8x RTX A4500,8.0,1600.0,15424.0,791.0,374.0,64.0,194500.0,84.0,2672.0,104627.0,69384.0,19602.0,412512.0,2022,throughput,32
2x RTX A5500,2.0,460.0,9000.0,242.0,146.0,33.0,76639.0,28.0,828.0,38915.0,23051.0,8089.0,150217.0,2022,throughput,32
4x RTX A5500,4.0,920.0,18000.0,479.0,287.0,63.0,149739.0,53.0,1643.0,78391.0,45254.0,16071.0,299726.0,2022,throughput,32
8x RTX A5500,8.0,1840.0,36000.0,961.0,648.0,113.0,259431.0,106.0,3282.0,136118.0,91466.0,32221.0,576234.0,2022,throughput,32
Quadro RTX 8000,1.0,260.0,6037.5,182.0,146.0,50.0,88498.0,,651.0,18587.0,18223.0,7853.0,43964.0,2023,throughput,16
LambdaCloud V100 16GB,1.0,300.0,9937.5,229.0,189.0,57.0,79111.0,,833.0,12611.0,18493.0,6071.0,47253.0,2023,throughput,16
RTX 3090,1.0,350.0,2750.0,236.0,172.0,52.0,86080.0,,905.0,25018.0,22863.0,7821.0,97100.0,2023,throughput,16
LambdaCloud A10,1.0,150.0,3125.0,174.0,135.0,42.0,67836.0,,638.0,16900.0,16283.0,5614.0,80357.0,2023,throughput,16
LambdaCloud A100 40GB PCIe,1.0,250.0,10437.5,395.0,368.0,117.0,186947.0,,1396.0,38131.0,35366.0,16034.0,195108.0,2023,throughput,16
A100 80GB PCIe,1.0,300.0,13287.5,437.0,415.0,140.0,227949.0,,1527.0,58956.0,41602.0,17082.0,234859.0,2023,throughput,16
A100 80GB SXM4,1.0,400.0,16250.0,458.0,443.0,152.0,243500.0,,1582.0,59716.0,43078.0,17918.0,244438.0,2023,throughput,16
RTX 6000 Ada,1.0,300.0,7680.0,341.0,255.0,79.0,160184.0,,1146.0,40331.0,36745.0,16049.0,156904.0,2023,throughput,16
RTX A6000,1.0,300.0,4437.5,260.0,198.0,68.0,116438.0,,916.0,25496.0,26030.0,11126.0,116866.0,2023,throughput,16
RTX 4090,1.0,450.0,2125.0,379.0,297.0,93.0,159511.0,,1301.0,32661.0,40427.0,14509.0,160816.0,2023,throughput,16
H100 80GB PCIe Gen5,1.0,350.0,30918.0,566.0,567.0,203.0,332521.0,,1866.0,63991.0,47919.0,22586.0,273768.0,2023,throughput,16
LambdaCloud H100 80GB PCIe Gen5,1.0,350.0,30918.0,549.0,558.0,200.0,302013.0,,1851.0,63200.0,45433.0,21874.0,276658.0,2023,throughput,16
H100 80GB SXM5,1.0,700.0,36718.75,782.0,812.0,301.0,467071.0,,2616.0,78108.0,62259.0,30841.0,393500.0,2023,throughput,16
LambdaCloud 2x V100 16GB,2.0,600.0,19875.0,440.0,340.0,87.0,108835.0,,1571.0,24282.0,40994.0,12088.0,82358.0,2023,throughput,16
2x RTX 6000 Ada,2.0,600.0,15360.0,664.0,506.0,153.0,280958.0,,2301.0,70662.0,76350.0,31892.0,268158.0,2023,throughput,16
2x RTX A6000,2.0,600.0,8875.0,503.0,374.0,118.0,177238.0,,1775.0,47559.0,51607.0,22123.0,195553.0,2023,throughput,16
2x RTX 3090,2.0,700.0,5500.0,459.0,327.0,89.0,138466.0,,1751.0,50118.0,45546.0,15585.0,172960.0,2023,throughput,16
2x RTX 4090,2.0,900.0,4250.0,732.0,541.0,139.0,210089.0,,2468.0,65266.0,80755.0,28964.0,263655.0,2023,throughput,16
2x A100 80GB PCIe,2.0,600.0,26575.0,853.0,785.0,247.0,344266.0,,2979.0,107623.0,83053.0,34239.0,414528.0,2023,throughput,16
2x A100 80GB SXM4,2.0,800.0,32500.0,884.0,815.0,246.0,338035.0,,3038.0,109014.0,85446.0,35709.0,401392.0,2023,throughput,16
2x H100 80GB PCIe Gen5,2.0,700.0,61836.0,1128.0,1125.0,395.0,633491.0,,3707.0,112874.0,95735.0,45010.0,533897.0,2023,throughput,16
2x H100 80GB SXM5,2.0,1400.0,73437.5,1555.0,1630.0,592.0,887119.0,,5179.0,99155.0,124531.0,61559.0,735411.0,2023,throughput,16
LambdaCloud 4xV100 16GB,4.0,1200.0,39750.0,871.0,637.0,157.0,205663.0,,3107.0,45505.0,81267.0,24082.0,165996.0,2023,throughput,16
4x RTX 6000 Ada,4.0,1200.0,30720.0,1379.0,1072.0,332.0,619916.0,,4548.0,58979.0,161507.0,68160.0,366195.0,2023,throughput,16
4x A100 80GB SXM4,4.0,1600.0,65000.0,1766.0,1654.0,488.0,700678.0,,6070.0,205614.0,171447.0,71097.0,847717.0,2023,throughput,16
4x H100 80GB PCIe Gen5,4.0,1400.0,123672.0,2030.0,2190.0,759.0,1242573.0,,7378.0,215939.0,190177.0,89760.0,1087912.0,2023,throughput,16
4x H100 80GB SXM5,4.0,2800.0,146875.0,3102.0,3219.0,1171.0,1780530.0,,10406.0,145767.0,249776.0,122719.0,1502241.0,2023,throughput,16
LambdaCloud 8xV100 16GB,8.0,2400.0,79500.0,1715.0,1204.0,286.0,367453.0,,6174.0,78969.0,157692.0,47885.0,322112.0,2023,throughput,16
8x RTX 6000 Ada,8.0,2400.0,61440.0,2724.0,2146.0,642.0,1198279.0,,9211.0,92151.0,313768.0,131953.0,1109688.0,2023,throughput,16
8x A100 80GB SXM4,8.0,3200.0,130000.0,3360.0,4273.0,746.0,996656.0,,11439.0,259884.0,341796.0,142409.0,1403727.0,2023,throughput,16
8x H100 80GB PCIe Gen5,8.0,2800.0,247344.0,4092.0,6182.0,1522.0,2377554.0,,14713.0,244326.0,379627.0,177899.0,2183524.0,2023,throughput,16
8x H100 80GB SXM5,8.0,5600.0,293750.0,6206.0,9176.0,2167.0,3530376.0,,20728.0,303238.0,497053.0,245493.0,2963233.0,2023,throughput,16
Quadro RTX 8000,1,260,6037.5,256,192,64,968,,928,148,64,32,32,2023,bs,16
LambdaCloud V100 16GB,1,300,9937.5,96,48,16,256,,256,48,12,4,8,2023,bs,16
RTX 3090,1,350,2750.0,140,96,28,464,,448,88,24,8,18,2023,bs,16
LambdaCloud A10,1,150,3125.0,140,80,28,400,,448,80,24,8,18,2023,bs,16
LambdaCloud A100 40GB PCIe,1,250,10437.5,224,160,48,800,,720,144,52,24,24,2023,bs,16
A100 80GB PCIe,1,300,13287.5,448,320,112,1520,,1280,256,104,48,48,2023,bs,16
A100 80GB SXM4,1,400,16250.0,448,320,112,1520,,1280,256,104,48,48,2023,bs,16
RTX 6000 Ada,1,300,7680.0,256,192,64,968,,928,148,64,32,32,2023,bs,16
RTX A6000,1,300,4437.5,256,192,64,968,,928,148,64,32,32,2023,bs,16
RTX 4090,1,450,2125.0,140,96,28,464,,448,88,24,8,18,2023,bs,16
H100 80GB PCIe Gen5,1,350,30918.0,448,320,112,1520,,1280,256,104,48,48,2023,bs,16
LambdaCloud H100 80GB PCIe Gen5,1,350,30918.0,448,320,112,1520,,1280,256,104,48,48,2023,bs,16
H100 80GB SXM5,1,700,36718.75,448,320,112,1520,,1280,256,104,48,48,2023,bs,16
LambdaCloud 2x V100 16GB,2,600,19875.0,192,96,32,512,,512,96,32,8,16,2023,bs,16
2x RTX 6000 Ada,2,600,15360.0,512,384,128,1936,,1856,296,128,64,64,2023,bs,16
2x RTX A6000,2,600,8875.0,512,384,128,1936,,1856,296,128,64,64,2023,bs,16
2x RTX 3090,2,700,5500.0,280,192,56,928,,896,176,48,16,36,2023,bs,16
2x RTX 4090,2,900,4250.0,280,192,56,928,,896,176,48,16,36,2023,bs,16
2x A100 80GB PCIe,2,600,26575.0,896,640,224,3040,,2560,512,208,96,96,2023,bs,16
2x A100 80GB SXM4,2,800,32500.0,896,640,224,3040,,2560,512,208,96,96,2023,bs,16
2x H100 80GB PCIe Gen5,2,700,61836.0,896,640,224,3040,,2560,512,208,96,96,2023,bs,16
2x H100 80GB SXM5,2,1400,73437.5,896,640,224,3040,,2560,512,208,96,96,2023,bs,16
LambdaCloud 4xV100 16GB,4,1200,39750.0,384,192,64,1024,,1024,192,64,16,32,2023,bs,16
4x RTX 6000 Ada,4,1200,30720.0,1024,768,256,3872,,3712,592,256,128,128,2023,bs,16
4x A100 80GB SXM4,4,1600,65000.0,1792,1280,448,6080,,5120,1024,416,192,192,2023,bs,16
4x H100 80GB PCIe Gen5,4,1400,123672.0,1792,1280,448,6080,,5120,1024,416,192,192,2023,bs,16
4x H100 80GB SXM5,4,2800,146875.0,1792,1280,448,6080,,5120,1024,416,192,192,2023,bs,16
LambdaCloud 8xV100 16GB,8,2400,79500.0,768,384,128,2048,,2048,384,128,32,64,2023,bs,16
8x RTX 6000 Ada,8,2400,61440.0,2048,1536,512,7744,,7424,1184,512,256,256,2023,bs,16
8x A100 80GB SXM4,8,3200,130000.0,3584,2560,896,12160,,10240,2048,832,384,384,2023,bs,16
8x H100 80GB PCIe Gen5,8,2800,247344.0,3584,2560,896,12160,,10240,2048,832,384,384,2023,bs,16
8x H100 80GB SXM5,8,5600,293750.0,3584,2560,896,12160,,10240,2048,832,384,384,2023,bs,16
Quadro RTX 8000,1.0,260.0,6037.5,81.0,41.0,12.0,21616.0,,274.0,17717.0,6623.0,2515.0,44068.0,2023,throughput,32
LambdaCloud V100 16GB,1.0,300.0,9937.5,104.0,42.0,12.0,24109.0,,369.0,12502.0,6920.0,2081.0,47394.0,2023,throughput,32
RTX 3090,1.0,350.0,2750.0,144.0,85.0,24.0,44869.0,,513.0,25350.0,12101.0,4165.0,97404.0,2023,throughput,32
LambdaCloud A10,1.0,150.0,3125.0,98.0,70.0,19.0,37527.0,,349.0,16757.0,8940.0,3031.0,79965.0,2023,throughput,32
LambdaCloud A100 40GB PCIe,1.0,250.0,10437.5,256.0,179.0,53.0,101476.0,,882.0,37999.0,23192.0,10388.0,194634.0,2023,throughput,32
A100 80GB PCIe,1.0,300.0,13287.5,288.0,224.0,70.0,120980.0,,1014.0,58992.0,28650.0,12455.0,225014.0,2023,throughput,32
A100 80GB SXM4,1.0,400.0,16250.0,304.0,239.0,75.0,129911.0,,1066.0,55464.0,30462.0,13353.0,231379.0,2023,throughput,32
RTX 6000 Ada,1.0,300.0,7680.0,196.0,136.0,44.0,80854.0,,647.0,31837.0,20477.0,8641.0,157877.0,2023,throughput,32
RTX A6000,1.0,300.0,4437.5,153.0,101.0,33.0,62271.0,,514.0,25135.0,14495.0,6143.0,117073.0,2023,throughput,32
RTX 4090,1.0,450.0,2125.0,224.0,137.0,44.0,84598.0,,721.0,32910.0,22750.0,7905.0,161590.0,2023,throughput,32
H100 80GB PCIe Gen5,1.0,350.0,30918.0,355.0,292.0,97.0,162431.0,,1197.0,61491.0,34241.0,15459.0,262302.0,2023,throughput,32
LambdaCloud H100 80GB PCIe Gen5,1.0,350.0,30918.0,351.0,266.0,89.0,154759.0,,1182.0,60828.0,31436.0,14705.0,261960.0,2023,throughput,32
H100 80GB SXM5,1.0,700.0,36718.75,524.0,408.0,141.0,220229.0,,1753.0,80446.0,45697.0,22251.0,360558.0,2023,throughput,32
LambdaCloud 2x V100 16GB,2.0,600.0,19875.0,202.0,77.0,19.0,33141.0,,710.0,23885.0,13696.0,4130.0,83934.0,2023,throughput,32
2x RTX 6000 Ada,2.0,600.0,15360.0,384.0,255.0,76.0,131039.0,,1269.0,67084.0,40745.0,17224.0,280472.0,2023,throughput,32
2x RTX A6000,2.0,600.0,8875.0,297.0,179.0,49.0,79794.0,,995.0,39433.0,28738.0,12206.0,197866.0,2023,throughput,32
2x RTX 3090,2.0,700.0,5500.0,281.0,154.0,38.0,63740.0,,979.0,49756.0,24065.0,8272.0,172948.0,2023,throughput,32
2x RTX 4090,2.0,900.0,4250.0,431.0,232.0,55.0,93923.0,,1363.0,64678.0,45273.0,15751.0,262166.0,2023,throughput,32
2x A100 80GB PCIe,2.0,600.0,26575.0,562.0,400.0,109.0,163112.0,,1957.0,105932.0,57025.0,24973.0,371214.0,2023,throughput,32
2x A100 80GB SXM4,2.0,800.0,32500.0,588.0,411.0,105.0,157169.0,,2029.0,99409.0,60462.0,26610.0,356676.0,2023,throughput,32
2x H100 80GB PCIe Gen5,2.0,700.0,61836.0,707.0,564.0,185.0,310658.0,,2373.0,89065.0,68129.0,30847.0,495268.0,2023,throughput,32
2x H100 80GB SXM5,2.0,1400.0,73437.5,1042.0,785.0,272.0,422976.0,,3477.0,104714.0,91131.0,44301.0,679331.0,2023,throughput,32
LambdaCloud 4xV100 16GB,4.0,1200.0,39750.0,403.0,153.0,38.0,62534.0,,1422.0,41341.0,27493.0,8268.0,164053.0,2023,throughput,32
4x RTX 6000 Ada,4.0,1200.0,30720.0,808.0,513.0,159.0,310297.0,,2559.0,11570.0,84026.0,36363.0,370846.0,2023,throughput,32
4x A100 80GB SXM4,4.0,1600.0,65000.0,1173.0,821.0,224.0,329466.0,,4042.0,175445.0,120319.0,53086.0,747890.0,2023,throughput,32
4x H100 80GB PCIe Gen5,4.0,1400.0,123672.0,1414.0,1091.0,355.0,584105.0,,4719.0,163960.0,135912.0,61582.0,1023059.0,2023,throughput,32
4x H100 80GB SXM5,4.0,2800.0,146875.0,2084.0,1550.0,520.0,849164.0,,6930.0,195493.0,181778.0,88630.0,1439572.0,2023,throughput,32
LambdaCloud 8xV100 16GB,8.0,2400.0,79500.0,801.0,289.0,70.0,111285.0,,2817.0,82675.0,54671.0,16482.0,320609.0,2023,throughput,32
8x RTX 6000 Ada,8.0,2400.0,61440.0,1574.0,1039.0,311.0,586092.0,,5126.0,142819.0,162873.0,70466.0,1104372.0,2023,throughput,32
8x A100 80GB SXM4,8.0,3200.0,130000.0,2218.0,1362.0,251.0,403429.0,,7397.0,179436.0,241449.0,105648.0,1165034.0,2023,throughput,32
8x H100 80GB PCIe Gen5,8.0,2800.0,247344.0,2815.0,2253.0,712.0,1207432.0,,9397.0,146262.0,268063.0,122216.0,2063934.0,2023,throughput,32
8x H100 80GB SXM5,8.0,5600.0,293750.0,4159.0,3133.0,1042.0,1655944.0,,13856.0,123030.0,363567.0,177446.0,2678054.0,2023,throughput,32
V100 32GB,1,250,11357,108,36,12,372,15,296,108,20,8,15,2022,bs,32
Quadro RTX 8000,1,260,6900,158,56,18,648,32,496,168,32,16,26,2022,bs,32
Quadro RTX 8000,1,260,6900,158,56,18,648,32,496,168,32,16,26,2022,bs,32
Quadro RTX 6000,1,260,4964,80,26,8,288,12,224,80,14,4,10,2022,bs,32
Quadro RTX 5000,1,230,2392,48,16,4,184,9,152,52,8,2,5,2022,bs,32
Titan RTX,1,280,3500,80,26,8,288,12,224,80,14,4,10,2022,bs,32
RTX 2080Ti,1,250,1928,32,10,2,108,6,100,36,4,0,2,2022,bs,32
GTX 1080Ti,1,250,892,32,10,2,108,6,100,36,4,0,2,2022,bs,32
RTX 2080 SUPER MAX-Q,1,80,1377,16,6,0,56,4,64,24,2,0,0,2022,bs,32
RTX 2080 MAX-Q,1,90,1032,16,6,0,56,4,64,24,2,0,0,2022,bs,32
RTX 2070 MAX-Q,1,90,975,16,6,0,56,4,64,24,2,0,0,2022,bs,32
RTX 3070,1,220,1035,16,8,0,40,2,64,16,0,0,0,2022,bs,32
RTX 3080,1,320,1642,24,10,2,80,4,80,24,2,0,0,2022,bs,32
RTX 3090,1,350,3142,80,26,8,288,12,224,80,14,4,8,2022,bs,32
A100 40GB PCIe,1,250,12785,128,48,16,512,24,360,128,26,12,16,2022,bs,32
A100 80GB PCIe,1,300,15143,256,96,32,1024,48,720,256,52,24,32,2022,bs,32
A100 40GB SXM4,1,400,14571,128,48,16,512,24,360,128,26,12,16,2022,bs,32
A100 80GB SXM4,1,400,18571,256,96,32,1024,48,720,256,52,24,32,2022,bs,32
RTX A6000,1,300,5785,144,56,18,648,32,496,136,32,16,26,2022,bs,32
RTX A5000,1,230,2857,80,26,8,288,12,224,80,14,4,8,2022,bs,32
Lambda Cloud — RTX A6000,1,300,5785,144,56,18,648,32,496,136,32,16,26,2022,bs,32
RTX 3080 Max-Q,1,80,1600,48,16,4,128,9,152,2,8,0,5,2022,bs,32
RTX A40,1,300,6464,144,56,18,648,32,496,136,32,16,26,2022,bs,32
RTX A4000,1,140,1321,48,16,4,160,9,152,52,8,2,5,2022,bs,32
RTX A4500,1,200,1928,48,16,4,160,9,152,52,8,2,5,2022,bs,32
RTX A5500,1,230,4500,80,26,8,288,12,224,80,14,4,8,2022,bs,32
2x RTX 2080Ti NVLink,2,500,3856,64,20,4,216,12,200,72,8,2,4,2022,bs,32
2x RTX 2080Ti,2,500,3856,64,20,4,216,12,200,72,8,2,4,2022,bs,32
4x RTX 2080Ti NVLink,4,1000,7712,112,40,8,432,24,400,144,16,4,8,2022,bs,32
4x RTX 2080Ti,4,1000,7712,112,40,8,432,24,400,144,16,4,8,2022,bs,32
8x RTX 2080Ti NVLink,8,2000,15424,224,80,16,864,48,800,288,32,8,16,2022,bs,32
8x RTX 2080Ti,8,2000,15424,224,80,16,864,48,800,288,32,8,16,2022,bs,32
2x Quadro RTX 8000 NVLink,2,520,13800,288,112,36,1296,64,992,272,64,32,52,2022,bs,32
2x Quadro RTX 8000,2,520,13800,288,112,36,1296,64,992,272,64,32,52,2022,bs,32
4x Quadro RTX 8000 NVLink,4,1040,27600,576,224,72,2592,128,1984,544,128,64,104,2022,bs,32
4x Quadro RTX 8000,4,1040,27600,576,224,72,2592,128,1984,544,128,64,104,2022,bs,32
8x Quadro RTX 8000 NVLink,8,2080,55200,1152,448,144,5184,256,3968,1088,256,128,208,2022,bs,32
8x Quadro RTX 8000,8,2080,55200,1152,448,144,5184,256,3968,1088,256,128,208,2022,bs,32
2x V100 32GB,2,500,22714,216,72,24,744,30,592,216,40,16,30,2022,bs,32
4x V100 32GB,4,1000,45428,432,144,48,1488,60,1184,432,80,32,60,2022,bs,32
8x V100 32GB,8,2000,90856,864,288,96,2976,120,2368,864,160,64,120,2022,bs,32
p3.16xlarge,8,2400,85312,384,128,32,1280,48,1184,416,64,16,40,2022,bs,32
p3.8xlarge,4,1200,42656,192,64,16,640,24,592,208,32,8,20,2022,bs,32
Lambda Cloud — 8x V100 16GB,8,2400,85312,384,128,32,1280,48,1184,416,64,16,40,2022,bs,32
Lambda Cloud — 4x GTX 1080Ti,4,1000,3568,128,40,8,432,24,400,144,16,4,8,2022,bs,32
Lambda Cloud — 2x Quadro RTX 6000,2,520,9928,160,52,16,576,24,448,160,28,8,20,2022,bs,32
Lambda Cloud — 4x Quadro RTX 6000,4,1040,19856,320,104,32,1152,48,896,320,56,16,40,2022,bs,32
Linode Cloud — 2x Quadro RTX 6000,2,520,9928,160,52,16,576,24,448,160,28,8,20,2022,bs,32
2x RTX 3070,2,440,2070,32,16,2,80,4,128,32,2,2,2,2022,bs,32
4x RTX 3070,4,880,4140,64,32,4,160,8,256,64,4,2,4,2022,bs,32
8x RTX 3070,8,1760,8280,128,64,8,320,16,512,128,8,2,8,2022,bs,32
2x RTX 3080,2,640,3284,48,20,4,160,8,160,48,4,0,2,2022,bs,32
2x RTX 3090,2,700,6284,160,52,16,576,24,448,160,28,8,16,2022,bs,32
3x RTX 3090,3,1050,9426,240,78,24,864,36,600,240,42,12,30,2022,bs,32
4x RTX 3090,4,1400,12568,320,104,32,1152,48,896,320,56,16,32,2022,bs,32
8x RTX 3090,8,2800,25136,640,208,64,2304,96,1792,512,112,32,64,2022,bs,32
2x A100 40GB PCIe,2,500,25570,256,96,32,1024,48,720,256,52,24,32,2022,bs,32
4x A100 40GB PCIe,4,1000,51140,512,192,64,2048,96,1440,512,104,48,64,2022,bs,32
8x A100 40GB PCIe,8,2000,102280,1024,384,128,4096,192,2880,1024,208,96,128,2022,bs,32
2x A100 80GB PCIe,2,600,30286,512,192,64,2048,96,1440,512,104,48,64,2022,bs,32
2x A100 40GB SXM4,2,800,29142,256,96,32,1024,48,720,256,52,24,32,2022,bs,32
4x A100 40GB SXM4,4,1600,58284,512,192,64,2048,96,1440,512,104,48,64,2022,bs,32
8x A100 40GB SXM4,8,3200,116568,1024,384,128,4096,192,2880,1024,208,96,128,2022,bs,32
2x A100 80GB SXM4,2,800,37142,512,192,64,2048,96,1440,512,104,48,64,2022,bs,32
4x A100 80GB SXM4,4,1600,74284,1024,384,128,4096,192,2880,1024,208,96,128,2022,bs,32
Quadro RTX 8000,1,260,6037.5,144,96,32,576,,496,136,32,16,32,2023,bs,32
LambdaCloud V100 16GB,1,300,9937.5,48,24,8,128,,128,48,8,2,8,2023,bs,32
RTX 3090,1,350,2750.0,80,48,16,288,,224,88,14,4,18,2023,bs,32
LambdaCloud A10,1,150,3125.0,80,48,12,256,,224,80,14,4,18,2023,bs,32
LambdaCloud A100 40GB PCIe,1,250,10437.5,128,80,28,512,,360,144,26,12,24,2023,bs,32
A100 80GB PCIe,1,300,13287.5,256,172,64,1024,,640,256,52,24,32,2023,bs,32
A100 80GB SXM4,1,400,16250.0,256,172,64,1024,,640,256,52,24,32,2023,bs,32
RTX 6000 Ada,1,300,7680.0,144,96,32,576,,496,136,32,16,32,2023,bs,32
RTX A6000,1,300,4437.5,144,96,32,576,,496,136,32,16,32,2023,bs,32
RTX 4090,1,450,2125.0,80,48,16,288,,224,88,14,4,18,2023,bs,32
H100 80GB PCIe Gen5,1,350,30918.0,256,172,64,1024,,640,256,52,24,32,2023,bs,32
LambdaCloud H100 80GB PCIe Gen5,1,350,30918.0,256,172,64,1024,,640,256,52,24,32,2023,bs,32
H100 80GB SXM5,1,700,36718.75,256,172,64,1024,,640,256,52,24,32,2023,bs,32
LambdaCloud 2x V100 16GB,2,600,19875.0,96,48,16,256,,256,96,16,4,16,2023,bs,32
2x RTX 6000 Ada,2,600,15360.0,288,192,64,1152,,992,272,64,32,64,2023,bs,32
2x RTX A6000,2,600,8875.0,288,192,64,1152,,992,272,64,32,64,2023,bs,32
2x RTX 3090,2,700,5500.0,160,96,32,576,,448,176,28,8,36,2023,bs,32
2x RTX 4090,2,900,4250.0,160,96,32,576,,448,176,28,8,36,2023,bs,32
2x A100 80GB PCIe,2,600,26575.0,512,344,128,2048,,1280,512,104,48,64,2023,bs,32
2x A100 80GB SXM4,2,800,32500.0,512,344,128,2048,,1280,512,104,48,64,2023,bs,32
2x H100 80GB PCIe Gen5,2,700,61836.0,512,344,128,2048,,1280,512,104,48,64,2023,bs,32
2x H100 80GB SXM5,2,1400,73437.5,512,344,128,2048,,1280,512,104,48,64,2023,bs,32
LambdaCloud 4xV100 16GB,4,1200,39750.0,192,96,32,512,,512,192,32,8,32,2023,bs,32
4x RTX 6000 Ada,4,1200,30720.0,576,384,128,2304,,1984,544,128,64,128,2023,bs,32
4x A100 80GB SXM4,4,1600,65000.0,1024,688,256,4096,,2560,1024,208,96,128,2023,bs,32
4x H100 80GB PCIe Gen5,4,1400,123672.0,1024,688,256,4096,,2560,1024,208,96,128,2023,bs,32
4x H100 80GB SXM5,4,2800,146875.0,1024,688,256,4096,,2560,1024,208,96,128,2023,bs,32
LambdaCloud 8xV100 16GB,8,2400,79500.0,384,192,64,1024,,1024,384,64,16,64,2023,bs,32
8x RTX 6000 Ada,8,2400,61440.0,1152,768,256,4608,,3968,1088,256,128,256,2023,bs,32
8x A100 80GB SXM4,8,3200,130000.0,2048,1376,512,8192,,5120,2048,416,192,256,2023,bs,32
8x H100 80GB PCIe Gen5,8,2800,247344.0,2048,1376,512,8192,,5120,2048,416,192,256,2023,bs,32
8x H100 80GB SXM5,8,5600,293750.0,2048,1376,512,8192,,5120,2048,416,192,256,2023,bs,32
8x A100 80GB SXM4,8,3200,148568,2048,768,256,8192,384,5760,2048,416,182,256,2022,bs,32
p4d.24xlarge,8,3200,116568,1024,384,128,4096,192,2880,1024,208,96,128,2022,bs,32
2x RTX A6000,2,600,11570,288,112,36,1296,64,992,272,64,32,52,2022,bs,32
4x RTX A6000,4,1200,23140,576,224,72,2592,128,1984,544,128,64,104,2022,bs,32
8x RTX A6000,8,2400,46280,1152,448,144,5184,256,3968,1088,256,128,208,2022,bs,32
Lambda Cloud — 2x RTX A6000,2,600,11570,288,112,36,1296,64,992,272,64,32,52,2022,bs,32
Lambda Cloud — 4x RTX A6000,4,1200,23140,576,224,72,2592,128,1984,544,128,64,104,2022,bs,32
2x RTX A5000,2,460,5714,160,52,16,576,24,448,160,28,8,16,2022,bs,32
4x RTX A5000,4,920,11428,320,104,32,1152,48,896,320,56,16,32,2022,bs,32
2x RTX A40,2,600,12928,288,112,36,1296,64,992,272,64,32,52,2022,bs,32
4x RTX A40,4,1200,25856,576,224,72,2592,128,1984,544,128,64,104,2022,bs,32
8x RTX A40,8,2400,51712,1152,448,144,5184,256,3968,1088,256,128,208,2022,bs,32
2x RTX A4000,2,280,2642,96,32,8,320,12,304,104,16,4,10,2022,bs,32
4x RTX A4000,4,560,5284,192,64,16,640,24,592,208,32,4,20,2022,bs,32
8x RTX A4000,8,1120,10568,384,128,32,1280,48,1184,416,64,16,40,2022,bs,32
16x RTX A4000,16,2240,21136,768,256,64,2560,96,2368,832,128,32,80,2022,bs,32
2x RTX A4500,2,400,3856,96,32,8,320,12,304,104,16,4,10,2022,bs,32
4x RTX A4500,4,800,7712,192,64,16,640,24,592,208,32,4,20,2022,bs,32
8x RTX A4500,8,1600,15424,384,128,32,1280,48,1184,416,64,16,40,2022,bs,32
2x RTX A5500,2,460,9000,160,52,16,400,24,448,160,28,8,16,2022,bs,32
4x RTX A5500,4,920,18000,320,104,32,880,48,896,320,56,16,32,2022,bs,32
8x RTX A5500,8,1840,36000,640,208,64,1600,96,1792,512,112,32,64,2022,bs,32
V100 32GB,1,250,11357,192,72,24,616,20,596,220,40,16,30,2022,bs,16
Quadro RTX 8000,1,260,6900,288,108,36,968,36,928,336,72,32,52,2022,bs,16
Quadro RTX 8000,1,260,6900,288,108,36,968,36,928,336,72,32,52,2022,bs,16
Quadro RTX 6000,1,260,4964,140,52,16,464,16,448,160,24,8,20,2022,bs,16
Quadro RTX 5000,1,230,2392,88,32,8,260,10,288,100,12,0,10,2022,bs,16
Titan RTX,1,280,3500,140,52,16,464,16,448,160,24,8,20,2022,bs,16
RTX 2080Ti,1,250,1928,56,20,4,160,6,184,72,5,0,4,2022,bs,16
GTX 1080Ti,1,250,892,56,20,4,160,6,184,72,5,0,4,2022,bs,16
RTX 2080 SUPER MAX-Q,1,80,1377,32,12,0,92,4,112,48,0,0,0,2022,bs,16
RTX 2080 MAX-Q,1,90,1032,32,12,0,92,4,112,48,0,0,0,2022,bs,16
RTX 2070 MAX-Q,1,90,975,32,12,0,92,4,112,48,0,0,0,2022,bs,16
RTX 3070,1,220,1035,24,16,2,80,2,120,32,2,0,0,2022,bs,16
RTX 3080,1,320,1642,56,20,4,112,4,136,56,4,0,4,2022,bs,16
RTX 3090,1,350,3142,140,52,16,464,16,448,80,24,8,12,2022,bs,16
A100 40GB PCIe,1,250,12785,224,88,32,800,24,768,128,52,24,24,2022,bs,16
A100 80GB PCIe,1,300,15143,448,176,64,1520,48,1536,256,104,48,48,2022,bs,16
A100 40GB SXM4,1,400,14571,224,88,32,760,24,768,128,52,24,24,2022,bs,16
A100 80GB SXM4,1,400,18571,448,176,64,1520,48,1536,256,104,48,48,2022,bs,16
RTX A6000,1,300,5785,256,108,36,968,32,912,148,64,32,32,2022,bs,16
RTX A5000,1,230,2857,140,52,16,464,16,448,80,24,8,12,2022,bs,16
Lambda Cloud — RTX A6000,1,300,5785,256,108,36,968,32,912,148,64,32,32,2022,bs,16
RTX 3080 Max-Q,1,80,1600,88,32,8,260,10,256,2,12,0,10,2022,bs,16
RTX A40,1,300,6464,256,108,36,880,32,912,148,64,32,32,2022,bs,16
RTX A4000,1,140,1321,88,32,8,260,10,288,48,12,4,10,2022,bs,16
RTX A4500,1,200,1928,88,32,8,260,10,288,48,12,4,10,2022,bs,16
RTX A5500,1,230,4500,140,52,16,464,16,448,80,24,8,12,2022,bs,16
2x RTX 2080Ti NVLink,2,500,3856,112,40,4,320,12,368,144,10,2,8,2022,bs,16
2x RTX 2080Ti,2,500,3856,112,40,4,320,12,368,144,10,2,8,2022,bs,16
4x RTX 2080Ti NVLink,4,1000,7712,224,80,8,640,24,736,288,20,4,16,2022,bs,16
4x RTX 2080Ti,4,1000,7712,224,80,8,640,24,736,288,20,4,16,2022,bs,16
8x RTX 2080Ti NVLink,8,2000,15424,448,160,16,1280,48,1472,576,40,8,32,2022,bs,16
8x RTX 2080Ti,8,2000,15424,448,160,16,1280,48,1472,576,40,8,32,2022,bs,16
2x Quadro RTX 8000 NVLink,2,520,13800,512,216,72,1936,64,1856,592,128,64,104,2022,bs,16
2x Quadro RTX 8000,2,520,13800,512,216,72,1936,64,1856,592,128,64,104,2022,bs,16
4x Quadro RTX 8000 NVLink,4,1040,27600,1024,432,144,3872,128,3456,1184,256,128,208,2022,bs,16
4x Quadro RTX 8000,4,1040,27600,1024,432,144,3872,128,3456,1184,256,128,208,2022,bs,16
8x Quadro RTX 8000 NVLink,8,2080,55200,2048,864,288,7744,256,7424,2368,512,256,416,2022,bs,16
8x Quadro RTX 8000,8,2080,55200,2048,864,288,7744,256,7424,2368,512,256,416,2022,bs,16
2x V100 32GB,2,500,22714,384,144,48,1232,40,1192,440,80,32,60,2022,bs,16
4x V100 32GB,4,1000,45428,768,288,96,2464,80,2384,880,160,64,120,2022,bs,16
8x V100 32GB,8,2000,90856,1536,576,192,4928,160,4768,1760,320,128,240,2022,bs,16
p3.16xlarge,8,2400,85312,704,256,64,2080,72,2048,800,96,16,80,2022,bs,16
p3.8xlarge,4,1200,42656,352,128,32,1040,32,1192,400,48,8,40,2022,bs,16
Lambda Cloud — 8x V100 16GB,8,2400,85312,704,256,64,2080,72,2048,800,96,16,80,2022,bs,16
Lambda Cloud — 4x GTX 1080Ti,4,1000,3568,224,80,16,640,24,736,288,20,4,16,2022,bs,16
Lambda Cloud — 2x Quadro RTX 6000,2,520,9928,280,104,32,928,32,896,320,48,16,40,2022,bs,16
Lambda Cloud — 4x Quadro RTX 6000,4,1040,19856,560,208,64,1856,64,1792,640,96,32,80,2022,bs,16
Linode Cloud — 2x Quadro RTX 6000,2,520,9928,280,104,32,928,32,896,320,48,16,40,2022,bs,16
2x RTX 3070,2,440,2070,48,32,2,160,4,240,64,4,2,2,2022,bs,16
4x RTX 3070,4,880,4140,96,64,4,320,8,480,128,8,2,4,2022,bs,16
8x RTX 3070,8,1760,8280,192,128,8,640,16,960,256,16,2,8,2022,bs,16
2x RTX 3080,2,640,3284,112,40,8,224,12,272,112,8,0,8,2022,bs,16
2x RTX 3090,2,700,6284,280,104,32,928,32,896,160,48,16,24,2022,bs,16
3x RTX 3090,3,1050,9426,420,156,48,1392,48,1344,240,72,24,36,2022,bs,16
4x RTX 3090,4,1400,12568,560,208,64,1856,64,1792,320,96,32,48,2022,bs,16
8x RTX 3090,8,2800,25136,1120,416,128,3712,128,3584,640,192,64,96,2022,bs,16
2x A100 40GB PCIe,2,500,25570,448,176,64,1600,48,1440,256,104,48,48,2022,bs,16
4x A100 40GB PCIe,4,1000,51140,896,352,128,3200,96,2880,512,208,96,96,2022,bs,16
8x A100 40GB PCIe,8,2000,102280,1792,704,256,6400,200,5760,1024,416,192,192,2022,bs,16
2x A100 80GB PCIe,2,600,30286,896,352,128,3040,96,2880,512,208,96,96,2022,bs,16
2x A100 40GB SXM4,2,800,29142,448,176,64,1520,48,1440,256,104,48,48,2022,bs,16
4x A100 40GB SXM4,4,1600,58284,896,352,128,3040,96,2880,512,208,96,96,2022,bs,16
8x A100 40GB SXM4,8,3200,116568,1792,704,256,6080,200,5760,1024,416,192,192,2022,bs,16
2x A100 80GB SXM4,2,800,37142,896,352,128,3040,96,2880,512,208,96,96,2022,bs,16
4x A100 80GB SXM4,4,1600,74284,1792,704,256,6080,192,5760,1024,416,192,192,2022,bs,16
8x A100 80GB SXM4,8,3200,148568,3584,1408,512,12160,400,11520,2048,832,384,384,2022,bs,16
p4d.24xlarge,8,3200,116568,1792,704,256,6080,200,5760,1024,416,192,192,2022,bs,16
2x RTX A6000,2,600,11570,512,216,72,1936,64,1856,296,128,64,64,2022,bs,16
4x RTX A6000,4,1200,23140,1024,432,144,3872,128,3712,592,256,128,128,2022,bs,16
8x RTX A6000,8,2400,46280,2048,864,288,7744,256,7424,1184,512,256,256,2022,bs,16
Lambda Cloud — 2x RTX A6000,2,600,11570,512,216,72,1936,64,1856,296,128,64,64,2022,bs,16
Lambda Cloud — 4x RTX A6000,4,1200,23140,1024,432,144,3872,128,3456,592,256,128,128,2022,bs,16
2x RTX A5000,2,460,5714,280,104,32,928,32,896,160,48,16,24,2022,bs,16
4x RTX A5000,4,920,11428,560,208,64,1856,64,1792,320,96,32,48,2022,bs,16
2x RTX A40,2,600,12928,512,216,72,1760,64,1856,296,128,64,64,2022,bs,16
4x RTX A40,4,1200,25856,1024,432,144,3520,128,3712,592,256,128,128,2022,bs,16
8x RTX A40,8,2400,51712,2048,864,288,7040,256,7424,1184,512,256,192,2022,bs,16
2x RTX A4000,2,280,2642,176,64,16,520,16,576,96,24,8,20,2022,bs,16
4x RTX A4000,4,560,5284,352,128,32,1040,32,1024,192,48,16,40,2022,bs,16
8x RTX A4000,8,1120,10568,704,256,64,2080,72,2048,384,96,32,80,2022,bs,16
16x RTX A4000,16,2240,21136,1408,512,128,4160,144,4096,768,192,64,160,2022,bs,16
2x RTX A4500,2,400,3856,176,64,16,520,16,576,96,24,8,20,2022,bs,16
4x RTX A4500,4,800,7712,352,128,32,1040,32,1024,192,48,16,40,2022,bs,16
8x RTX A4500,8,1600,15424,704,256,64,2080,72,2048,384,96,32,80,2022,bs,16
2x RTX A5500,2,460,9000,280,104,32,928,32,896,160,48,16,24,2022,bs,16
4x RTX A5500,4,920,18000,560,208,64,1856,64,1792,320,96,32,48,2022,bs,16
8x RTX A5500,8,1840,36000,1120,416,128,3712,128,3584,640,192,64,96,2022,bs,16
